{
    "loss": 29.683481216430664,
    "accuracy": 0.48201438784599304
}