{
    "loss": 7.51015043258667,
    "accuracy": 0.5179855823516846
}