{
    "loss": 3.0611212253570557,
    "accuracy": 0.5035971403121948
}