{
    "loss": 13.47492790222168,
    "accuracy": 0.5179855823516846
}