{
    "loss": 2.7336840629577637,
    "accuracy": 0.5035971403121948
}