{
    "loss": 13.046577453613281,
    "accuracy": 0.5179855823516846
}